Com_ID,Com_Name,Sector,Com_Rating,Official_Website
22617,TechNova Solutions,Technology,64,www.TechNova_Solutions.com
18207,GreenGen Energy,Renewable Energy,19,www.GreenGen_Energy.com
79801,BioTech Innovations,Biotechnology,5,www.BioTech_Innovations.com
35155,GlobalCom Connect,Telecommunications,6,www.GlobalCom_Connect.com
66608,EcoCraft Solutions,Environmental Services,13,www.EcoCraft_Solutions.com
23985,HealthLink Pharmaceuticals,Healthcare,54,www.HealthLink_Pharmaceuticals.com
50900,DataDynamics Inc.,Data Analytics,69,www.DataDynamics_Inc..com
66589,BrightWave Electronics,Electronics Manufacturing,26,www.BrightWave_Electronics.com
39197,AlphaGen Robotics,Robotics,29,www.AlphaGen_Robotics.com
53619,FinWise Financial Services,Finance,17,www.FinWise_Financial_Services.com
70634,CleanEarth Solutions,Environmental Technology,70,www.CleanEarth_Solutions.com
98753,CyberGuard Security,Cybersecurity,58,www.CyberGuard_Security.com
15223,AgriSustain Farms,Agriculture,94,www.AgriSustain_Farms.com
98856,NanoTech Systems,Nanotechnology,20,www.NanoTech_Systems.com
50885,SkyHigh Aerospace,Aerospace,74,www.SkyHigh_Aerospace.com
10776,SolarWorks Solutions,Solar Energy,85,www.SolarWorks_Solutions.com
71737,MedServe Medical Devices,Medical Devices,72,www.MedServe_Medical_Devices.com
83911,QuantumSoft Technologies,Software Development,76,www.QuantumSoft_Technologies.com
91013,BlueSea Maritime Logistics,Maritime,53,www.BlueSea_Maritime_Logistics.com
51230,SmartGrid Solutions,Energy Management,2,www.SmartGrid_Solutions.com
89079,FoodGenie Catering,Food Services,86,www.FoodGenie_Catering.com
5808,BioFuel Innovations,Alternative Energy,29,www.BioFuel_Innovations.com
63656,AeroTech Dynamics,Aviation,52,www.AeroTech_Dynamics.com
80294,WellnessWave Healthcare,Wellness,83,www.WellnessWave_Healthcare.com
56949,Genomic Insights,Genetics,94,www.Genomic_Insights.com
98956,TerraScape Environmental,Environmental Consulting,40,www.TerraScape_Environmental.com
5413,DataVault Systems,Data Security,94,www.DataVault_Systems.com
213,PulseTech Biometrics,Biometric Technology,53,www.PulseTech_Biometrics.com
5991,MindMeld Software,Artificial Intelligence,100,www.MindMeld_Software.com
44013,EcoWise Recycling,Waste Management,8,www.EcoWise_Recycling.com
70864,GlobalTrade Logistics,Logistics,74,www.GlobalTrade_Logistics.com
56550,AquaPure Solutions,Water Purification,69,www.AquaPure_Solutions.com
42897,NeuroTech Neurology,Neurotechnology,98,www.NeuroTech_Neurology.com
5216,SecureNet Solutions,Network Security,88,www.SecureNet_Solutions.com
21063,FutureTech Innovations,Future Technologies,45,www.FutureTech_Innovations.com
34502,BlueStar Pharmaceuticals,Pharmaceutical Manufacturing,67,www.BlueStar_Pharmaceuticals.com
61483,EnergyWise Solutions,Energy Efficiency,82,www.EnergyWise_Solutions.com
81213,BioHarvest Genetics,Genetic Engineering,32,www.BioHarvest_Genetics.com
9750,CleanAir Technologies,Air Purification,93,www.CleanAir_Technologies.com
47327,NovaTech Space Systems,Space Exploration,30,www.NovaTech_Space_Systems.com
19248,SkyView Drones,Drone Technology,44,www.SkyView_Drones.com
48407,MedTech Innovations,Medical Technology,75,www.MedTech_Innovations.com
42509,QuantumLeap Quantum Computing,Quantum Computing,46,www.QuantumLeap_Quantum_Computing.com
41932,TechBridge Solutions,IT Consulting,37,www.TechBridge_Solutions.com
42943,RenewGen Power,Renewable Power,33,www.RenewGen_Power.com
22899,AeroLogix Aviation Services,Aviation Services,5,www.AeroLogix_Aviation_Services.com
39792,DataFusion Analytics,Big Data Analytics,5,www.DataFusion_Analytics.com
91301,BioLife Sciences,Life Sciences,88,www.BioLife_Sciences.com
48542,GreenEarth Solutions,Environmental Solutions,86,www.GreenEarth_Solutions.com
71698,FutureGrid Energy,Smart Grid Technology,96,www.FutureGrid_Energy.com
4713,FoodFusion Innovations,Food Technology,22,www.FoodFusion_Innovations.com
26386,AgriTech Solutions,Agricultural Technology,26,www.AgriTech_Solutions.com
30000,SolarTech Systems,Solar Technology,68,www.SolarTech_Systems.com
14622,BlueTech Marine,Marine Technology,48,www.BlueTech_Marine.com
92887,HealthGen Healthcare,Healthcare Solutions,44,www.HealthGen_Healthcare.com
67746,RoboWorks Robotics,Robotics Development,15,www.RoboWorks_Robotics.com
89086,DataGuard Cybersecurity,Data Security,68,www.DataGuard_Cybersecurity.com
56188,EcoTech Innovations,Eco-Friendly Technology,90,www.EcoTech_Innovations.com
52528,Finova Financial Services,Financial Technology,63,www.Finova_Financial_Services.com
5692,CleanTech Solutions,Clean Technology,69,www.CleanTech_Solutions.com
56412,SkyLink Communications,Telecommunications,68,www.SkyLink_Communications.com
74593,BioSolutions Inc.,Biotech Solutions,49,www.BioSolutions_Inc..com
62823,GenTech Genetics,Genetic Technology,55,www.GenTech_Genetics.com
9259,AeroTech Innovations,Aerospace Technology,14,www.AeroTech_Innovations.com
54618,SolarScape Energy,Solar Energy Solutions,76,www.SolarScape_Energy.com
49186,Meditech Medical Devices,Medical Device Manufacturing,5,www.Meditech_Medical_Devices.com
94380,QuantumSphere Technologies,Quantum Technology,73,www.QuantumSphere_Technologies.com
1695,DataWave Systems,Data Management,72,www.DataWave_Systems.com
30679,PulseGuard Security Solutions,Security Services,15,www.PulseGuard_Security_Solutions.com
53725,NeuroSphere Neurotechnology,Neurological Solutions,73,www.NeuroSphere_Neurotechnology.com
82461,TechWise Solutions,Technology Consulting,13,www.TechWise_Solutions.com
71515,TerraTech Environmental Solutions,Environmental Solutions,20,www.TerraTech_Environmental_Solutions.com
119,EcoCycle Recycling,Recycling Solutions,46,www.EcoCycle_Recycling.com
8321,GlobalLog Logistics Solutions,Global Logistics,83,www.GlobalLog_Logistics_Solutions.com
45130,AquaTech Solutions,Water Technology,8,www.AquaTech_Solutions.com
86446,BlueGen Genetics,Genetics Research,30,www.BlueGen_Genetics.com
72160,EnergySphere Solutions,Energy Solutions,57,www.EnergySphere_Solutions.com
48079,BioLabs Pharmaceuticals,Pharmaceutical Research,79,www.BioLabs_Pharmaceuticals.com
97925,AeroWorks Aerospace,Aerospace Engineering,89,www.AeroWorks_Aerospace.com
83904,FutureNet Solutions,Future Network Technologies,61,www.FutureNet_Solutions.com
47708,FoodTech Innovations,Food Innovations,86,www.FoodTech_Innovations.com
93585,AgriGenius Agriculture Solutions,Agricultural Solutions,46,www.AgriGenius_Agriculture_Solutions.com
34187,SolarWorks Energy Solutions,Solar Power Solutions,77,www.SolarWorks_Energy_Solutions.com
59276,BlueStream Marine Technology,Marine Engineering,88,www.BlueStream_Marine_Technology.com
35142,HealthSphere Healthcare Solutions,Healthcare Services,67,www.HealthSphere_Healthcare_Solutions.com
79856,RoboTech Robotics Solutions,Robotics Solutions,23,www.RoboTech_Robotics_Solutions.com
88136,DataSafe Cybersecurity,Data Protection,47,www.DataSafe_Cybersecurity.com
59770,EcoGen Environmental Solutions,Environmental Services,22,www.EcoGen_Environmental_Solutions.com
55853,FinTech Innovations,Financial Technology Solutions,88,www.FinTech_Innovations.com
22020,CleanGen Technologies,Clean Energy Technologies,28,www.CleanGen_Technologies.com
52093,SkyNet Communications,Communication Technology,73,www.SkyNet_Communications.com
84040,BioMatrix Biotechnology,Biotechnology Research,45,www.BioMatrix_Biotechnology.com
9850,Genetix Genetics,Genetic Engineering,82,www.Genetix_Genetics.com
80656,AeroSphere Aerospace Solutions,Aerospace Solutions,97,www.AeroSphere_Aerospace_Solutions.com
14547,SolarBright Energy Solutions,Solar Energy Solutions,13,www.SolarBright_Energy_Solutions.com
70427,MedRx Medical Solutions,Medical Solutions,13,www.MedRx_Medical_Solutions.com
10610,QuantumEdge Technologies,Quantum Technologies,81,www.QuantumEdge_Technologies.com
34338,DataMaster Solutions,Data Solutions,78,www.DataMaster_Solutions.com
276,PulseSecure Security Solutions,Security Solutions,85,www.PulseSecure_Security_Solutions.com
82267,NeuroGen Neurotechnology Solutions,Neurotechnology Solutions,41,www.NeuroGen_Neurotechnology_Solutions.com
97028,TechGenius Solutions,Technology Solutions,37,www.TechGenius_Solutions.com
17694,TerraSolutions Environmental Solutions,Environmental Solutions,63,www.TerraSolutions_Environmental_Solutions.com
31001,EcoWorx Recycling Solutions,Recycling Solutions,64,www.EcoWorx_Recycling_Solutions.com
34672,GlobalLogistics Solutions,Global Logistics Solutions,17,www.GlobalLogistics_Solutions.com
78538,AquaPure Water Solutions,Water Solutions,83,www.AquaPure_Water_Solutions.com
34863,BlueChip Genetics,Genetic Research,12,www.BlueChip_Genetics.com
27355,EnergyGen Solutions,Energy Solutions,23,www.EnergyGen_Solutions.com
43999,BioFusion Pharmaceuticals,Pharmaceutical Development,69,www.BioFusion_Pharmaceuticals.com
88498,AeroGen Aerospace Engineering,Aerospace Engineering,7,www.AeroGen_Aerospace_Engineering.com
28057,FutureTech Solutions,Future Technology Solutions,58,www.FutureTech_Solutions.com
40315,FoodGenius Innovations,Food Science Innovations,36,www.FoodGenius_Innovations.com
81829,AgriVation Agriculture Innovations,Agricultural Innovations,34,www.AgriVation_Agriculture_Innovations.com
71222,SolarEra Energy Solutions,Solar Energy Solutions,80,www.SolarEra_Energy_Solutions.com
93307,BlueTech Marine Engineering,Marine Engineering,79,www.BlueTech_Marine_Engineering.com
70386,HealthGenie Healthcare Innovations,Healthcare Innovations,10,www.HealthGenie_Healthcare_Innovations.com
89657,RoboSolutions Robotics Solutions,Robotics Solutions,67,www.RoboSolutions_Robotics_Solutions.com
43521,DataGuardian Cybersecurity Solutions,Cybersecurity Solutions,36,www.DataGuardian_Cybersecurity_Solutions.com
34910,EcoVision Environmental Solutions,Environmental Solutions,1,www.EcoVision_Environmental_Solutions.com
69715,FinovaTech Financial Solutions,Financial Solutions,29,www.FinovaTech_Financial_Solutions.com
76515,CleanTech Innovations,Clean Technology Solutions,48,www.CleanTech_Innovations.com
62746,SkyReach Communications,Communications Solutions,51,www.SkyReach_Communications.com
43932,BioTech Solutions,Biotech Solutions,26,www.BioTech_Solutions.com
18869,Genomics Genetics,Genetics Research,2,www.Genomics_Genetics.com
46976,AeroTech Solutions,Aerospace Solutions,67,www.AeroTech_Solutions.com
70548,SolarSphere Solar Solutions,Solar Solutions,62,www.SolarSphere_Solar_Solutions.com
76334,MedTech Medical Solutions,Medical Solutions,43,www.MedTech_Medical_Solutions.com
99593,QuantumTech Technologies,Quantum Technologies,64,www.QuantumTech_Technologies.com
56867,DataSavvy Solutions,Data Analytics Solutions,52,www.DataSavvy_Solutions.com
37359,PulseProtector Security Solutions,Security Solutions,9,www.PulseProtector_Security_Solutions.com
5061,NeuroTech Solutions,Neurotechnology Solutions,54,www.NeuroTech_Solutions.com
6045,TechBridge Technology Solutions,Technology Solutions,91,www.TechBridge_Technology_Solutions.com
8786,TerraTech Environmental Solutions,Environmental Solutions,62,www.TerraTech_Environmental_Solutions.com
49858,EcoCycle Recycling Solutions,Recycling Solutions,28,www.EcoCycle_Recycling_Solutions.com
40187,GlobalLogistics Solutions,Global Logistics Solutions,42,www.GlobalLogistics_Solutions.com
91043,AquaTech Water Solutions,Water Solutions,57,www.AquaTech_Water_Solutions.com
59022,BlueChip Genetics,Genetic Research,27,www.BlueChip_Genetics.com
79254,EnergyGen Solutions,Energy Solutions,18,www.EnergyGen_Solutions.com
19218,BioFusion Pharmaceuticals,Pharmaceutical Development,24,www.BioFusion_Pharmaceuticals.com
76875,AeroGen Aerospace Engineering,Aerospace Engineering,98,www.AeroGen_Aerospace_Engineering.com
10584,FutureTech Solutions,Future Technology Solutions,59,www.FutureTech_Solutions.com
8539,FoodGenius Innovations,Food Science Innovations,46,www.FoodGenius_Innovations.com
64735,AgriVation Agriculture Innovations,Agricultural Innovations,80,www.AgriVation_Agriculture_Innovations.com
15205,SolarEra Energy Solutions,Solar Energy Solutions,6,www.SolarEra_Energy_Solutions.com
94529,BlueTech Marine Engineering,Marine Engineering,43,www.BlueTech_Marine_Engineering.com
3890,HealthGenie Healthcare Innovations,Healthcare Innovations,58,www.HealthGenie_Healthcare_Innovations.com
91276,RoboSolutions Robotics Solutions,Robotics Solutions,17,www.RoboSolutions_Robotics_Solutions.com
96774,DataGuardian Cybersecurity Solutions,Cybersecurity Solutions,27,www.DataGuardian_Cybersecurity_Solutions.com
20995,EcoVision Environmental Solutions,Environmental Solutions,42,www.EcoVision_Environmental_Solutions.com
31445,FinovaTech Financial Solutions,Financial Solutions,68,www.FinovaTech_Financial_Solutions.com
39087,CleanTech Innovations,Clean Technology Solutions,41,www.CleanTech_Innovations.com
70400,SkyReach Communications,Communications Solutions,29,www.SkyReach_Communications.com
44556,BioTech Solutions,Biotech Solutions,29,www.BioTech_Solutions.com
93094,Genomics Genetics,Genetics Research,10,www.Genomics_Genetics.com
98020,AeroTech Solutions,Aerospace Solutions,78,www.AeroTech_Solutions.com
5834,SolarSphere Solar Solutions,Solar Solutions,62,www.SolarSphere_Solar_Solutions.com
81311,MedTech Medical Solutions,Medical Solutions,73,www.MedTech_Medical_Solutions.com
1539,QuantumTech Technologies,Quantum Technologies,22,www.QuantumTech_Technologies.com
13567,DataSavvy Solutions,Data Analytics Solutions,26,www.DataSavvy_Solutions.com
30099,PulseProtector Security Solutions,Security Solutions,8,www.PulseProtector_Security_Solutions.com
16706,NeuroTech Solutions,Neurotechnology Solutions,22,www.NeuroTech_Solutions.com
71362,TechBridge Technology Solutions,Technology Solutions,50,www.TechBridge_Technology_Solutions.com
87831,TerraTech Environmental Solutions,Environmental Solutions,46,www.TerraTech_Environmental_Solutions.com
2449,EcoCycle Recycling Solutions,Recycling Solutions,85,www.EcoCycle_Recycling_Solutions.com
50605,GlobalLogistics Solutions,Global Logistics Solutions,43,www.GlobalLogistics_Solutions.com
72737,AquaTech Water Solutions,Water Solutions,24,www.AquaTech_Water_Solutions.com
9916,BlueChip Genetics,Genetic Research,88,www.BlueChip_Genetics.com
41804,EnergyGen Solutions,Energy Solutions,64,www.EnergyGen_Solutions.com
17808,BioFusion Pharmaceuticals,Pharmaceutical Development,11,www.BioFusion_Pharmaceuticals.com
82382,AeroGen Aerospace Engineering,Aerospace Engineering,11,www.AeroGen_Aerospace_Engineering.com
74230,FutureTech Solutions,Future Technology Solutions,41,www.FutureTech_Solutions.com
46441,FoodGenius Innovations,Food Science Innovations,84,www.FoodGenius_Innovations.com
19052,AgriVation Agriculture Innovations,Agricultural Innovations,30,www.AgriVation_Agriculture_Innovations.com
12548,SolarEra Energy Solutions,Solar Energy Solutions,10,www.SolarEra_Energy_Solutions.com
50925,BlueTech Marine Engineering,Marine Engineering,44,www.BlueTech_Marine_Engineering.com
63492,HealthGenie Healthcare Innovations,Healthcare Innovations,57,www.HealthGenie_Healthcare_Innovations.com
46650,RoboSolutions Robotics Solutions,Robotics Solutions,77,www.RoboSolutions_Robotics_Solutions.com
41181,DataGuardian Cybersecurity Solutions,Cybersecurity Solutions,76,www.DataGuardian_Cybersecurity_Solutions.com
88190,EcoVision Environmental Solutions,Environmental Solutions,40,www.EcoVision_Environmental_Solutions.com
14363,FinovaTech Financial Solutions,Financial Solutions,34,www.FinovaTech_Financial_Solutions.com
70704,CleanTech Innovations,Clean Technology Solutions,42,www.CleanTech_Innovations.com
12977,SkyReach Communications,Communications Solutions,71,www.SkyReach_Communications.com
13227,BioTech Solutions,Biotech Solutions,66,www.BioTech_Solutions.com
23873,Genomics Genetics,Genetics Research,1,www.Genomics_Genetics.com
80666,AeroTech Solutions,Aerospace Solutions,84,www.AeroTech_Solutions.com
52530,SolarSphere Solar Solutions,Solar Solutions,10,www.SolarSphere_Solar_Solutions.com
1498,MedTech Medical Solutions,Medical Solutions,11,www.MedTech_Medical_Solutions.com
98302,QuantumTech Technologies,Quantum Technologies,76,www.QuantumTech_Technologies.com
23465,DataSavvy Solutions,Data Analytics Solutions,72,www.DataSavvy_Solutions.com
50379,PulseProtector Security Solutions,Security Solutions,55,www.PulseProtector_Security_Solutions.com
48431,NeuroTech Solutions,Neurotechnology Solutions,98,www.NeuroTech_Solutions.com
47993,TechBridge Technology Solutions,Technology Solutions,62,www.TechBridge_Technology_Solutions.com
9361,TerraTech Environmental Solutions,Environmental Solutions,55,www.TerraTech_Environmental_Solutions.com
80507,EcoCycle Recycling Solutions,Recycling Solutions,81,www.EcoCycle_Recycling_Solutions.com
27486,GlobalLogistics Solutions,Global Logistics Solutions,96,www.GlobalLogistics_Solutions.com
31349,AquaTech Water Solutions,Water Solutions,1,www.AquaTech_Water_Solutions.com
97295,BlueChip Genetics,Genetic Research,47,www.BlueChip_Genetics.com
56146,EnergyGen Solutions,Energy Solutions,29,www.EnergyGen_Solutions.com
58983,BioFusion Pharmaceuticals,Pharmaceutical Development,32,www.BioFusion_Pharmaceuticals.com
94106,AeroGen Aerospace Engineering,Aerospace Engineering,10,www.AeroGen_Aerospace_Engineering.com
3758,FutureTech Solutions,Future Technology Solutions,97,www.FutureTech_Solutions.com
